{
  "model_name": "hgb",
  "uncalibrated": {
    "brier": 0.019608115410756775,
    "ece10": 0.020240621953683133
  },
  "platt": {
    "brier": 0.013424408053043346,
    "ece10": 0.004976340734551019
  },
  "isotonic": {
    "brier": 0.01332122846967302,
    "ece10": 0.0007701618174785346
  },
  "chosen": "isotonic"
}