{
  "policyB_low_alarm": {
    "policy": "B_persistence",
    "tau": 0.08544303797468354,
    "K": 2,
    "M": 4,
    "lockout_hours": 6,
    "n_patients": 493,
    "n_sepsis": 39,
    "n_nonsepsis": 454,
    "sepsis_detected": 30,
    "sepsis_detection_rate": 0.7692307692307693,
    "nonsepsis_alerted": 0,
    "nonsepsis_alert_rate": 0.0,
    "alerts_total": 144,
    "alerts_per_100_patient_hours": 0.7521546095586316,
    "lead_time_median": 28.5,
    "lead_time_mean": 44.2,
    "lead_ge_1_rate": 0.7692307692307693,
    "lead_ge_3_rate": 0.6923076923076923,
    "lead_ge_6_rate": 0.6410256410256411,
    "policy_name": "B_2of4"
  },
  "policyB_high_detection": {
    "policy": "B_persistence",
    "tau": 0.07911392405063292,
    "K": 3,
    "M": 6,
    "lockout_hours": 6,
    "n_patients": 493,
    "n_sepsis": 39,
    "n_nonsepsis": 454,
    "sepsis_detected": 36,
    "sepsis_detection_rate": 0.9230769230769231,
    "nonsepsis_alerted": 0,
    "nonsepsis_alert_rate": 0.0,
    "alerts_total": 296,
    "alerts_per_100_patient_hours": 1.5460955863149648,
    "lead_time_median": 47.0,
    "lead_time_mean": 57.25,
    "lead_ge_1_rate": 0.9230769230769231,
    "lead_ge_3_rate": 0.7948717948717948,
    "lead_ge_6_rate": 0.7948717948717948,
    "policy_name": "B_3of6"
  },
  "closest_policyA_for_low_alarm": {
    "tau": 0.0854430379746835,
    "lockout_hours": 6,
    "n_patients": 493,
    "n_sepsis": 39,
    "n_nonsepsis": 454,
    "sepsis_detected": 35,
    "sepsis_detection_rate": 0.8974358974358975,
    "nonsepsis_alerted": 0,
    "nonsepsis_alert_rate": 0.0,
    "alerts_total": 166,
    "alerts_per_100_patient_hours": 0.8670671193523114,
    "lead_time_median": 40.0,
    "lead_time_mean": 53.05714285714286,
    "lead_ge_1_rate": 0.8974358974358975,
    "lead_ge_3_rate": 0.8461538461538461,
    "lead_ge_6_rate": 0.717948717948718,
    "policy_name": "A_first_crossing"
  },
  "closest_policyA_for_high_detection": {
    "tau": 0.0791139240506329,
    "lockout_hours": 6,
    "n_patients": 493,
    "n_sepsis": 39,
    "n_nonsepsis": 454,
    "sepsis_detected": 39,
    "sepsis_detection_rate": 1.0,
    "nonsepsis_alerted": 0,
    "nonsepsis_alert_rate": 0.0,
    "alerts_total": 314,
    "alerts_per_100_patient_hours": 1.6401149125097936,
    "lead_time_median": 55.0,
    "lead_time_mean": 62.17948717948718,
    "lead_ge_1_rate": 1.0,
    "lead_ge_3_rate": 0.9487179487179488,
    "lead_ge_6_rate": 0.8461538461538461,
    "policy_name": "A_first_crossing"
  },
  "comparison_low_alarm": {
    "A_tau": 0.0854430379746835,
    "A_det": 0.8974358974358975,
    "A_false": 0.0,
    "A_burden": 0.8670671193523114,
    "A_lead_med": 40.0,
    "B_policy": "B_2of4",
    "B_tau": 0.08544303797468354,
    "B_K": 2,
    "B_M": 4,
    "B_det": 0.7692307692307693,
    "B_false": 0.0,
    "B_burden": 0.7521546095586316,
    "B_lead_med": 28.5,
    "burden_reduction_frac": 0.13253012048192772
  },
  "comparison_high_detection": {
    "A_tau": 0.0791139240506329,
    "A_det": 1.0,
    "A_false": 0.0,
    "A_burden": 1.6401149125097936,
    "A_lead_med": 55.0,
    "B_policy": "B_3of6",
    "B_tau": 0.07911392405063292,
    "B_K": 3,
    "B_M": 6,
    "B_det": 0.9230769230769231,
    "B_false": 0.0,
    "B_burden": 1.5460955863149648,
    "B_lead_med": 47.0,
    "burden_reduction_frac": 0.057324840764331114
  },
  "selection_rules": {
    "low_alarm": {
      "MAX_FALSE_ALERT": 0.1,
      "MAX_ALERTS_PER_100H": 1.0,
      "objective": "max detection then max lead time"
    },
    "high_detection": {
      "MIN_DET_HIGH": 0.9,
      "MAX_FALSE_ALERT_HIGH": 0.02,
      "objective": "min burden then max lead time"
    }
  }
}